param,value
k,76.62769578848524
regress,0.4426776482836973
hga_vic,18.6029378312203
hga_nsw,10.433145249014398
hga_qld,9.335388808559049
hga_sa,11.402429153965386
hga_wa,28.720025251699205
hga_gee,31.193257113612113
hga_tas,6.981035665321921
hga_other,27.111162484314484
