param,value
k,70.18343095074057
regress,0.5091048141511647
hga_vic,17.39293193766541
hga_nsw,15.500257325143489
hga_qld,21.378168235816663
hga_sa,26.512755678135456
hga_wa,31.83864858001052
hga_gee,26.332297092651462
hga_tas,12.049837767379765
hga_act,7.065021066241986
