param,value
k,68.65538748314876
regress,0.46574431206381045
hga_vic,12.55891819744786
hga_nsw,8.784372466176498
hga_qld,23.056600955486104
hga_sa,23.625275081540455
hga_wa,26.785006518017305
hga_gee,28.671610548287276
hga_tas,14.436682703725237
hga_act,0
