param,value
k,66.24357230893573
regress,0.44851707174499167
hga_vic,18.258526359881326
hga_nsw,15.83088339196993
hga_qld,19.883348401156063
hga_sa,25.730912379620282
hga_wa,31.56379937989989
hga_gee,23.780551358554032
hga_tas,17.58150290050408
hga_act,9.331390799353128
