param,value
k,70.70558005540094
regress,0.46919083440912895
hga_vic,12.991765351130809
hga_nsw,8.366812752214786
hga_qld,23.61151028195914
hga_sa,23.96222704875402
hga_wa,25.545729972353513
hga_gee,25.840500062891692
hga_tas,13.483826479583621
