param,value
k,68.07393640540867
hga,19.451780502339556
regress,0.3665160445781466
